layer,module,params,math_topk,finance_topk,nonfin_topk,math_specific,finance_specific,shared_calc,math_and_finance,math_not_finance,finance_not_math,math_not_nonfin_not_fin,fin_not_nonfin_not_math
0,model.layers.0.mlp.down_proj,4358144,29062,22879,22574,15277,6931,12755,13836,15226,9043,14196,5850
1,model.layers.1.mlp.down_proj,4358144,31791,31801,29436,14322,10848,14548,15553,16238,16248,13317,9843
2,model.layers.2.mlp.down_proj,4358144,27300,25111,24779,10604,5392,15381,16412,10888,8699,9573,4361
3,model.layers.3.mlp.down_proj,4358144,31376,29259,28913,15720,10390,13912,15928,15448,13331,13704,8374
4,model.layers.4.mlp.down_proj,4358144,33360,31844,30689,17835,12649,13348,15616,17744,16228,15567,10381
5,model.layers.5.mlp.down_proj,4358144,32528,31565,29135,18348,17325,10021,12475,20053,19090,15894,14871
6,model.layers.6.mlp.down_proj,4358144,31863,30844,29410,19070,14354,10265,13857,18006,16987,15478,10762
7,model.layers.7.mlp.down_proj,4358144,26552,25339,25375,16089,10714,9014,11420,15132,13919,13683,8308
8,model.layers.8.mlp.down_proj,4358144,27239,25099,26856,17772,9288,7588,10263,16976,14836,15097,6613
9,model.layers.9.mlp.down_proj,4358144,22067,18626,19461,14041,6234,6808,8142,13925,10484,12707,4900
10,model.layers.10.mlp.down_proj,4358144,27056,23954,24817,17526,9045,8019,10412,16644,13542,15133,6652
11,model.layers.11.mlp.down_proj,4358144,21443,20219,20645,12760,7836,7044,8752,12691,11467,11052,6128
12,model.layers.12.mlp.down_proj,4358144,24269,21557,23075,14267,6758,8122,9971,14298,11586,12418,4909
13,model.layers.13.mlp.down_proj,4358144,23084,20509,20926,13072,6251,8521,10274,12810,10235,11319,4498
14,model.layers.14.mlp.down_proj,4358144,30326,27212,26190,17498,10411,10832,13501,16825,13711,14829,7742
15,model.layers.15.mlp.down_proj,4358144,26093,23070,22495,15609,9766,8590,11195,14898,11875,13004,7161
16,model.layers.16.mlp.down_proj,4358144,29062,26538,25059,17797,11669,9399,12182,16880,14356,15014,8886
17,model.layers.17.mlp.down_proj,4358144,33519,30732,29874,20172,13673,11166,14215,19304,16517,17123,10624
18,model.layers.18.mlp.down_proj,4358144,35677,33166,32738,21486,16399,11370,15581,20096,17585,17275,12188
19,model.layers.19.mlp.down_proj,4358144,30625,27515,26863,19012,11218,9625,11764,18861,15751,16873,9079
20,model.layers.20.mlp.down_proj,4358144,31005,27960,26330,19018,13728,9568,11793,19212,16167,16793,11503
21,model.layers.21.mlp.down_proj,4358144,29709,29399,26080,18413,18074,7101,8530,21179,20869,16984,16645
22,model.layers.22.mlp.down_proj,4358144,26708,26693,22632,11479,12034,11852,12929,13779,13764,10402,10957
23,model.layers.23.mlp.down_proj,4358144,14738,13212,11577,7540,5348,6231,7457,7281,5755,6314,4122
